date,symbol,asset_type,market_value,current_weight,target_weight,weight_gap,total_value,cash
2019-01-02,510300,etf,3847.9999999999995,0.38517600226541937,0.3,-0.08517600226541938,9990.23817,2481.13817
2019-01-02,510500,etf,2526.3,0.2528768540860523,0.2,-0.052876854086052305,9990.23817,2481.13817
2019-01-02,515180,etf,0.0,0.0,0.2,0.2,9990.23817,2481.13817
2019-01-02,518880,etf,1134.8000000000002,0.11359088549137164,0.1,-0.013590885491371635,9990.23817,2481.13817
2019-01-02,000333,stock,0.0,0.0,0.04,0.04,9990.23817,2481.13817
2019-01-02,000858,stock,0.0,0.0,0.04,0.04,9990.23817,2481.13817
2019-01-02,600036,stock,0.0,0.0,0.04,0.04,9990.23817,2481.13817
2019-01-02,600519,stock,0.0,0.0,0.04,0.04,9990.23817,2481.13817
2019-01-02,601318,stock,0.0,0.0,0.04,0.04,9990.23817,2481.13817
2019-02-01,510300,etf,7565.599999999999,0.3674467909559581,0.3,-0.06744679095595812,20589.64777,4863.24777
2019-02-01,510500,etf,5308.8,0.25783831075221936,0.2,-0.057838310752219346,20589.64777,4863.24777
2019-02-01,515180,etf,0.0,0.0,0.2,0.2,20589.64777,4863.24777
2019-02-01,518880,etf,2852.0,0.1385162112464831,0.1,-0.038516211246483106,20589.64777,4863.24777
2019-02-01,000333,stock,0.0,0.0,0.04,0.04,20589.64777,4863.24777
2019-02-01,000858,stock,0.0,0.0,0.04,0.04,20589.64777,4863.24777
2019-02-01,600036,stock,0.0,0.0,0.04,0.04,20589.64777,4863.24777
2019-02-01,600519,stock,0.0,0.0,0.04,0.04,20589.64777,4863.24777
2019-02-01,601318,stock,0.0,0.0,0.04,0.04,20589.64777,4863.24777
2019-03-01,510300,etf,13377.0,0.40658945564413124,0.3,-0.10658945564413125,32900.50889,7516.1088899999995
2019-03-01,510500,etf,7203.2,0.21893886274170637,0.2,-0.018938862741706364,32900.50889,7516.1088899999995
2019-03-01,515180,etf,0.0,0.0,0.2,0.2,32900.50889,7516.1088899999995
2019-03-01,518880,etf,4804.2,0.1460220574721937,0.1,-0.046022057472193706,32900.50889,7516.1088899999995
2019-03-01,000333,stock,0.0,0.0,0.04,0.04,32900.50889,7516.1088899999995
2019-03-01,000858,stock,0.0,0.0,0.04,0.04,32900.50889,7516.1088899999995
2019-03-01,600036,stock,0.0,0.0,0.04,0.04,32900.50889,7516.1088899999995
2019-03-01,600519,stock,0.0,0.0,0.04,0.04,32900.50889,7516.1088899999995
2019-03-01,601318,stock,0.0,0.0,0.04,0.04,32900.50889,7516.1088899999995
2019-04-01,510300,etf,14347.199999999999,0.3199810121047854,0.3,-0.019981012104785423,44837.66054,9776.56054
2019-04-01,510500,etf,15974.3,0.356269702915236,0.2,-0.156269702915236,44837.66054,9776.56054
2019-04-01,515180,etf,0.0,0.0,0.2,0.2,44837.66054,9776.56054
2019-04-01,518880,etf,4739.599999999999,0.10570578265946254,0.1,-0.005705782659462533,44837.66054,9776.56054
2019-04-01,000333,stock,0.0,0.0,0.04,0.04,44837.66054,9776.56054
2019-04-01,000858,stock,0.0,0.0,0.04,0.04,44837.66054,9776.56054
2019-04-01,600036,stock,0.0,0.0,0.04,0.04,44837.66054,9776.56054
2019-04-01,600519,stock,0.0,0.0,0.04,0.04,44837.66054,9776.56054
2019-04-01,601318,stock,0.0,0.0,0.04,0.04,44837.66054,9776.56054
2019-05-06,510300,etf,20904.0,0.40912650744197065,0.3,-0.10912650744197067,51094.22054,11966.42054
2019-05-06,510500,etf,13475.7,0.2637421582632876,0.2,-0.06374215826328761,51094.22054,11966.42054
2019-05-06,515180,etf,0.0,0.0,0.2,0.2,51094.22054,11966.42054
2019-05-06,518880,etf,4748.1,0.09292831850292867,0.1,0.007071681497071339,51094.22054,11966.42054
2019-05-06,000333,stock,0.0,0.0,0.04,0.04,51094.22054,11966.42054
2019-05-06,000858,stock,0.0,0.0,0.04,0.04,51094.22054,11966.42054
2019-05-06,600036,stock,0.0,0.0,0.04,0.04,51094.22054,11966.42054
2019-05-06,600519,stock,0.0,0.0,0.04,0.04,51094.22054,11966.42054
2019-05-06,601318,stock,0.0,0.0,0.04,0.04,51094.22054,11966.42054
2019-06-03,510300,etf,20682.9,0.33919965654979023,0.3,-0.03919965654979024,60975.5924,14088.392399999999
2019-06-03,510500,etf,13382.7,0.21947634247174613,0.2,-0.019476342471746122,60975.5924,14088.392399999999
2019-06-03,515180,etf,0.0,0.0,0.2,0.2,60975.5924,14088.392399999999
2019-06-03,518880,etf,12821.6,0.2102742998524767,0.1,-0.11027429985247669,60975.5924,14088.392399999999
2019-06-03,000333,stock,0.0,0.0,0.04,0.04,60975.5924,14088.392399999999
2019-06-03,000858,stock,0.0,0.0,0.04,0.04,60975.5924,14088.392399999999
2019-06-03,600036,stock,0.0,0.0,0.04,0.04,60975.5924,14088.392399999999
2019-06-03,600519,stock,0.0,0.0,0.04,0.04,60975.5924,14088.392399999999
2019-06-03,601318,stock,0.0,0.0,0.04,0.04,60975.5924,14088.392399999999
2019-07-01,510300,etf,22786.699999999997,0.30668072592421086,0.3,-0.006680725924210873,74301.05015999998,16353.550159999999
2019-07-01,510500,etf,21811.199999999997,0.29355170556851795,0.2,-0.09355170556851794,74301.05015999998,16353.550159999999
2019-07-01,515180,etf,0.0,0.0,0.2,0.2,74301.05015999998,16353.550159999999
2019-07-01,518880,etf,13349.599999999999,0.17966906216336043,0.1,-0.07966906216336042,74301.05015999998,16353.550159999999
2019-07-01,000333,stock,0.0,0.0,0.04,0.04,74301.05015999998,16353.550159999999
2019-07-01,000858,stock,0.0,0.0,0.04,0.04,74301.05015999998,16353.550159999999
2019-07-01,600036,stock,0.0,0.0,0.04,0.04,74301.05015999998,16353.550159999999
2019-07-01,600519,stock,0.0,0.0,0.04,0.04,74301.05015999998,16353.550159999999
2019-07-01,601318,stock,0.0,0.0,0.04,0.04,74301.05015999998,16353.550159999999
2019-08-01,510300,etf,30093.7,0.3621935999112121,0.3,-0.062193599911212094,83087.33232,18406.43232
2019-08-01,510500,etf,20894.399999999998,0.2514751577235378,0.2,-0.05147515772353778,83087.33232,18406.43232
2019-08-01,515180,etf,0.0,0.0,0.2,0.2,83087.33232,18406.43232
2019-08-01,518880,etf,13692.800000000001,0.16480009187518468,0.1,-0.06480009187518468,83087.33232,18406.43232
2019-08-01,000333,stock,0.0,0.0,0.04,0.04,83087.33232,18406.43232
2019-08-01,000858,stock,0.0,0.0,0.04,0.04,83087.33232,18406.43232
2019-08-01,600036,stock,0.0,0.0,0.04,0.04,83087.33232,18406.43232
2019-08-01,600519,stock,0.0,0.0,0.04,0.04,83087.33232,18406.43232
2019-08-01,601318,stock,0.0,0.0,0.04,0.04,83087.33232,18406.43232
2019-09-02,510300,etf,36190.8,0.3778263760563267,0.3,-0.0778263760563267,95786.85421,20952.05421
2019-09-02,510500,etf,21513.600000000002,0.22459866938352815,0.2,-0.024598669383528143,95786.85421,20952.05421
2019-09-02,515180,etf,0.0,0.0,0.2,0.2,95786.85421,20952.05421
2019-09-02,518880,etf,17130.4,0.1788387367064364,0.1,-0.0788387367064364,95786.85421,20952.05421
2019-09-02,000333,stock,0.0,0.0,0.04,0.04,95786.85421,20952.05421
2019-09-02,000858,stock,0.0,0.0,0.04,0.04,95786.85421,20952.05421
2019-09-02,600036,stock,0.0,0.0,0.04,0.04,95786.85421,20952.05421
2019-09-02,600519,stock,0.0,0.0,0.04,0.04,95786.85421,20952.05421
2019-09-02,601318,stock,0.0,0.0,0.04,0.04,95786.85421,20952.05421
2019-10-08,510300,etf,41762.5,0.3982984932521311,0.3,-0.09829849325213114,104852.2671,23567.767099999997
2019-10-08,510500,etf,21216.0,0.20234183377042117,0.2,-0.002341833770421159,104852.2671,23567.767099999997
2019-10-08,515180,etf,0.0,0.0,0.2,0.2,104852.2671,23567.767099999997
2019-10-08,518880,etf,18306.0,0.17458849967012302,0.1,-0.07458849967012302,104852.2671,23567.767099999997
2019-10-08,000333,stock,0.0,0.0,0.04,0.04,104852.2671,23567.767099999997
2019-10-08,000858,stock,0.0,0.0,0.04,0.04,104852.2671,23567.767099999997
2019-10-08,600036,stock,0.0,0.0,0.04,0.04,104852.2671,23567.767099999997
2019-10-08,600519,stock,0.0,0.0,0.04,0.04,104852.2671,23567.767099999997
2019-10-08,601318,stock,0.0,0.0,0.04,0.04,104852.2671,23567.767099999997
2019-11-01,510300,etf,49316.6,0.4229692231534047,0.3,-0.1229692231534047,116596.19021999999,25960.290219999995
2019-11-01,510500,etf,21336.0,0.1829905416269784,0.2,0.01700945837302162,116596.19021999999,25960.290219999995
2019-11-01,515180,etf,0.0,0.0,0.2,0.2,116596.19021999999,25960.290219999995
2019-11-01,518880,etf,19983.3,0.17138896187169092,0.1,-0.07138896187169091,116596.19021999999,25960.290219999995
2019-11-01,000333,stock,0.0,0.0,0.04,0.04,116596.19021999999,25960.290219999995
2019-11-01,000858,stock,0.0,0.0,0.04,0.04,116596.19021999999,25960.290219999995
2019-11-01,600036,stock,0.0,0.0,0.04,0.04,116596.19021999999,25960.290219999995
2019-11-01,600519,stock,0.0,0.0,0.04,0.04,116596.19021999999,25960.290219999995
2019-11-01,601318,stock,0.0,0.0,0.04,0.04,116596.19021999999,25960.290219999995
2019-12-02,510300,etf,53137.8,0.42929140984806013,0.3,-0.12929140984806015,123780.25458,28307.554579999993
2019-12-02,510500,etf,21086.399999999998,0.17035350324289178,0.2,0.02964649675710823,123780.25458,28307.554579999993
2019-12-02,515180,etf,0.0,0.0,0.2,0.2,123780.25458,28307.554579999993
2019-12-02,518880,etf,21248.5,0.17166308206505548,0.1,-0.07166308206505548,123780.25458,28307.554579999993
2019-12-02,000333,stock,0.0,0.0,0.04,0.04,123780.25458,28307.554579999993
2019-12-02,000858,stock,0.0,0.0,0.04,0.04,123780.25458,28307.554579999993
2019-12-02,600036,stock,0.0,0.0,0.04,0.04,123780.25458,28307.554579999993
2019-12-02,600519,stock,0.0,0.0,0.04,0.04,123780.25458,28307.554579999993
2019-12-02,601318,stock,0.0,0.0,0.04,0.04,123780.25458,28307.554579999993
2020-01-02,510300,etf,58162.2,0.4108289918542753,0.3,-0.1108289918542753,141572.77396,30620.173959999993
2020-01-02,510500,etf,24175.0,0.17076023393332965,0.2,0.029239766066670364,141572.77396,30620.173959999993
2020-01-02,515180,etf,6710.4,0.04739894410697892,0.2,0.1526010558930211,141572.77396,30620.173959999993
2020-01-02,518880,etf,21905.0,0.15472607753090326,0.1,-0.05472607753090325,141572.77396,30620.173959999993
2020-01-02,000333,stock,0.0,0.0,0.04,0.04,141572.77396,30620.173959999993
2020-01-02,000858,stock,0.0,0.0,0.04,0.04,141572.77396,30620.173959999993
2020-01-02,600036,stock,0.0,0.0,0.04,0.04,141572.77396,30620.173959999993
2020-01-02,600519,stock,0.0,0.0,0.04,0.04,141572.77396,30620.173959999993
2020-01-02,601318,stock,0.0,0.0,0.04,0.04,141572.77396,30620.173959999993
2020-02-03,510300,etf,56073.600000000006,0.39629029708370095,0.3,-0.09629029708370096,141496.27284,33148.07283999999
2020-02-03,510500,etf,22105.0,0.15622319624627648,0.2,0.04377680375372353,141496.27284,33148.07283999999
2020-02-03,515180,etf,5529.599999999999,0.03907947459685186,0.2,0.16092052540314816,141496.27284,33148.07283999999
2020-02-03,518880,etf,24640.0,0.17413886249754593,0.1,-0.07413886249754592,141496.27284,33148.07283999999
2020-02-03,000333,stock,0.0,0.0,0.04,0.04,141496.27284,33148.07283999999
2020-02-03,000858,stock,0.0,0.0,0.04,0.04,141496.27284,33148.07283999999
2020-02-03,600036,stock,0.0,0.0,0.04,0.04,141496.27284,33148.07283999999
2020-02-03,600519,stock,0.0,0.0,0.04,0.04,141496.27284,33148.07283999999
2020-02-03,601318,stock,0.0,0.0,0.04,0.04,141496.27284,33148.07283999999
2020-03-02,510300,etf,63454.5,0.3882902581867373,0.3,-0.0882902581867373,163420.27301,35368.873009999996
2020-03-02,510500,etf,27056.500000000004,0.16556391383793836,0.2,0.034436086162061647,163420.27301,35368.873009999996
2020-03-02,515180,etf,12746.400000000001,0.07799766678409614,0.2,0.12200233321590387,163420.27301,35368.873009999996
2020-03-02,518880,etf,24794.0,0.1517192423150756,0.1,-0.0517192423150756,163420.27301,35368.873009999996
2020-03-02,000333,stock,0.0,0.0,0.04,0.04,163420.27301,35368.873009999996
2020-03-02,000858,stock,0.0,0.0,0.04,0.04,163420.27301,35368.873009999996
2020-03-02,600036,stock,0.0,0.0,0.04,0.04,163420.27301,35368.873009999996
2020-03-02,600519,stock,0.0,0.0,0.04,0.04,163420.27301,35368.873009999996
2020-03-02,601318,stock,0.0,0.0,0.04,0.04,163420.27301,35368.873009999996
2020-04-01,510300,etf,56321.4,0.34930668176651647,0.3,-0.04930668176651648,161237.68293,37597.182929999995
2020-04-01,510500,etf,23844.699999999997,0.1478854047434555,0.2,0.05211459525654452,161237.68293,37597.182929999995
2020-04-01,515180,etf,11016.8,0.0683264594219135,0.2,0.1316735405780865,161237.68293,37597.182929999995
2020-04-01,518880,etf,32457.6,0.20130281836220132,0.1,-0.10130281836220131,161237.68293,37597.182929999995
2020-04-01,000333,stock,0.0,0.0,0.04,0.04,161237.68293,37597.182929999995
2020-04-01,000858,stock,0.0,0.0,0.04,0.04,161237.68293,37597.182929999995
2020-04-01,600036,stock,0.0,0.0,0.04,0.04,161237.68293,37597.182929999995
2020-04-01,600519,stock,0.0,0.0,0.04,0.04,161237.68293,37597.182929999995
2020-04-01,601318,stock,0.0,0.0,0.04,0.04,161237.68293,37597.182929999995
2020-05-06,510300,etf,60657.9,0.33612547256064235,0.3,-0.03612547256064236,180462.07429000002,39734.174289999995
2020-05-06,510500,etf,33865.200000000004,0.18765826633234362,0.2,0.012341733667656396,180462.07429000002,39734.174289999995
2020-05-06,515180,etf,11787.6,0.06531898763979346,0.2,0.13468101236020655,180462.07429000002,39734.174289999995
2020-05-06,518880,etf,34417.200000000004,0.1907170807794886,0.1,-0.09071708077948859,180462.07429000002,39734.174289999995
2020-05-06,000333,stock,0.0,0.0,0.04,0.04,180462.07429000002,39734.174289999995
2020-05-06,000858,stock,0.0,0.0,0.04,0.04,180462.07429000002,39734.174289999995
2020-05-06,600036,stock,0.0,0.0,0.04,0.04,180462.07429000002,39734.174289999995
2020-05-06,600519,stock,0.0,0.0,0.04,0.04,180462.07429000002,39734.174289999995
2020-05-06,601318,stock,0.0,0.0,0.04,0.04,180462.07429000002,39734.174289999995
2020-06-01,510300,etf,61542.899999999994,0.31742906270527604,0.3,-0.017429062705276055,193879.22288999998,42146.322889999996
2020-06-01,510500,etf,42436.799999999996,0.21888265987158972,0.2,-0.018882659871589713,193879.22288999998,42146.322889999996
2020-06-01,515180,etf,11919.2,0.061477448807201594,0.2,0.1385225511927984,193879.22288999998,42146.322889999996
2020-06-01,518880,etf,35834.0,0.1848264061813932,0.1,-0.0848264061813932,193879.22288999998,42146.322889999996
2020-06-01,000333,stock,0.0,0.0,0.04,0.04,193879.22288999998,42146.322889999996
2020-06-01,000858,stock,0.0,0.0,0.04,0.04,193879.22288999998,42146.322889999996
2020-06-01,600036,stock,0.0,0.0,0.04,0.04,193879.22288999998,42146.322889999996
2020-06-01,600519,stock,0.0,0.0,0.04,0.04,193879.22288999998,42146.322889999996
2020-06-01,601318,stock,0.0,0.0,0.04,0.04,193879.22288999998,42146.322889999996
2020-07-01,510300,etf,66923.7,0.31420453993670583,0.3,-0.01420453993670584,212994.05799,44162.957989999995
2020-07-01,510500,etf,45099.6,0.21174111815888033,0.2,-0.01174111815888032,212994.05799,44162.957989999995
2020-07-01,515180,etf,20569.0,0.0965707691289947,0.2,0.1034292308710053,212994.05799,44162.957989999995
2020-07-01,518880,etf,36238.8,0.17013995762126566,0.1,-0.07013995762126565,212994.05799,44162.957989999995
2020-07-01,000333,stock,0.0,0.0,0.04,0.04,212994.05799,44162.957989999995
2020-07-01,000858,stock,0.0,0.0,0.04,0.04,212994.05799,44162.957989999995
2020-07-01,600036,stock,0.0,0.0,0.04,0.04,212994.05799,44162.957989999995
2020-07-01,600519,stock,0.0,0.0,0.04,0.04,212994.05799,44162.957989999995
2020-07-01,601318,stock,0.0,0.0,0.04,0.04,212994.05799,44162.957989999995
2020-08-03,510300,etf,76711.79999999999,0.311723618513213,0.3,-0.011723618513213019,246089.14899,46222.648989999994
2020-08-03,510500,etf,52239.600000000006,0.21227916880692208,0.2,-0.012279168806922064,246089.14899,46222.648989999994
2020-08-03,515180,etf,32275.100000000002,0.13115206473939867,0.2,0.06884793526060135,246089.14899,46222.648989999994
2020-08-03,518880,etf,38640.0,0.15701626893581627,0.1,-0.05701626893581627,246089.14899,46222.648989999994
2020-08-03,000333,stock,0.0,0.0,0.04,0.04,246089.14899,46222.648989999994
2020-08-03,000858,stock,0.0,0.0,0.04,0.04,246089.14899,46222.648989999994
2020-08-03,600036,stock,0.0,0.0,0.04,0.04,246089.14899,46222.648989999994
2020-08-03,600519,stock,0.0,0.0,0.04,0.04,246089.14899,46222.648989999994
2020-08-03,601318,stock,0.0,0.0,0.04,0.04,246089.14899,46222.648989999994
2020-09-01,510300,etf,78180.9,0.30268442503054727,0.3,-0.002684425030547277,258291.78356999997,48238.88356999999
2020-09-01,510500,etf,52088.399999999994,0.20166495147486352,0.2,-0.0016649514748635075,258291.78356999997,48238.88356999999
2020-09-01,515180,etf,41428.799999999996,0.16039534602064617,0.2,0.03960465397935384,258291.78356999997,48238.88356999999
2020-09-01,518880,etf,38354.799999999996,0.1484940770080881,0.1,-0.04849407700808808,258291.78356999997,48238.88356999999
2020-09-01,000333,stock,0.0,0.0,0.04,0.04,258291.78356999997,48238.88356999999
2020-09-01,000858,stock,0.0,0.0,0.04,0.04,258291.78356999997,48238.88356999999
2020-09-01,600036,stock,0.0,0.0,0.04,0.04,258291.78356999997,48238.88356999999
2020-09-01,600519,stock,0.0,0.0,0.04,0.04,258291.78356999997,48238.88356999999
2020-09-01,601318,stock,0.0,0.0,0.04,0.04,258291.78356999997,48238.88356999999
2020-10-09,510300,etf,76039.2,0.29305495060066233,0.3,0.006945049399337655,259470.79155,50773.79154999999
2020-10-09,510500,etf,50421.8,0.1943255335168765,0.2,0.0056744664831235025,259470.79155,50773.79154999999
2020-10-09,515180,etf,45702.8,0.17613851534881944,0.2,0.02386148465118057,259470.79155,50773.79154999999
2020-10-09,518880,etf,36533.200000000004,0.14079889216725214,0.1,-0.04079889216725213,259470.79155,50773.79154999999
2020-10-09,000333,stock,0.0,0.0,0.04,0.04,259470.79155,50773.79154999999
2020-10-09,000858,stock,0.0,0.0,0.04,0.04,259470.79155,50773.79154999999
2020-10-09,600036,stock,0.0,0.0,0.04,0.04,259470.79155,50773.79154999999
2020-10-09,600519,stock,0.0,0.0,0.04,0.04,259470.79155,50773.79154999999
2020-10-09,601318,stock,0.0,0.0,0.04,0.04,259470.79155,50773.79154999999
2020-11-02,510300,etf,78580.2,0.292861634609301,0.3,0.0071383653906990086,268318.51876,53015.418759999986
2020-11-02,510500,etf,50985.0,0.19001670192434242,0.2,0.009983298075657593,268318.51876,53015.418759999986
2020-11-02,515180,etf,49581.9,0.18478746912116414,0.2,0.015212530878835867,268318.51876,53015.418759999986
2020-11-02,518880,etf,36156.0,0.13475029665149602,0.1,-0.03475029665149601,268318.51876,53015.418759999986
2020-11-02,000333,stock,0.0,0.0,0.04,0.04,268318.51876,53015.418759999986
2020-11-02,000858,stock,0.0,0.0,0.04,0.04,268318.51876,53015.418759999986
2020-11-02,600036,stock,0.0,0.0,0.04,0.04,268318.51876,53015.418759999986
2020-11-02,600519,stock,0.0,0.0,0.04,0.04,268318.51876,53015.418759999986
2020-11-02,601318,stock,0.0,0.0,0.04,0.04,268318.51876,53015.418759999986
2020-12-01,510300,etf,86508.59999999999,0.29742936940455716,0.3,0.0025706305954428244,290854.26289,55886.26288999998
2020-12-01,510500,etf,57110.4,0.196354007098046,0.2,0.0036459929019539983,290854.26289,55886.26288999998
2020-12-01,515180,etf,57741.4,0.1985234784811718,0.2,0.001476521518828211,290854.26289,55886.26288999998
2020-12-01,518880,etf,33607.6,0.11554790246519532,0.1,-0.015547902465195315,290854.26289,55886.26288999998
2020-12-01,000333,stock,0.0,0.0,0.04,0.04,290854.26289,55886.26288999998
2020-12-01,000858,stock,0.0,0.0,0.04,0.04,290854.26289,55886.26288999998
2020-12-01,600036,stock,0.0,0.0,0.04,0.04,290854.26289,55886.26288999998
2020-12-01,600519,stock,0.0,0.0,0.04,0.04,290854.26289,55886.26288999998
2020-12-01,601318,stock,0.0,0.0,0.04,0.04,290854.26289,55886.26288999998
2021-01-04,510300,etf,90564.1,0.29912341285395694,0.3,0.0008765871460430508,302764.99968999997,58212.299689999985
2021-01-04,510500,etf,59538.600000000006,0.1966495468794655,0.2,0.0033504531205345023,302764.99968999997,58212.299689999985
2021-01-04,515180,etf,58551.6,0.193389592786322,0.2,0.0066104072136780045,302764.99968999997,58212.299689999985
2021-01-04,518880,etf,35898.4,0.1185685268665673,0.1,-0.018568526866567292,302764.99968999997,58212.299689999985
2021-01-04,000333,stock,0.0,0.0,0.04,0.04,302764.99968999997,58212.299689999985
2021-01-04,000858,stock,0.0,0.0,0.04,0.04,302764.99968999997,58212.299689999985
2021-01-04,600036,stock,0.0,0.0,0.04,0.04,302764.99968999997,58212.299689999985
2021-01-04,600519,stock,0.0,0.0,0.04,0.04,302764.99968999997,58212.299689999985
2021-01-04,601318,stock,0.0,0.0,0.04,0.04,302764.99968999997,58212.299689999985
2021-02-01,510300,etf,93350.4,0.29931368462337643,0.3,0.0006863153766235586,311881.49688999995,61046.99688999998
2021-02-01,510500,etf,61130.49999999999,0.1960055361077115,0.2,0.0039944638922885245,311881.49688999995,61046.99688999998
2021-02-01,515180,etf,61209.600000000006,0.19625915807884084,0.2,0.0037408419211591715,311881.49688999995,61046.99688999998
2021-02-01,518880,etf,35144.0,0.11268382494776606,0.1,-0.012683824947766056,311881.49688999995,61046.99688999998
2021-02-01,000333,stock,0.0,0.0,0.04,0.04,311881.49688999995,61046.99688999998
2021-02-01,000858,stock,0.0,0.0,0.04,0.04,311881.49688999995,61046.99688999998
2021-02-01,600036,stock,0.0,0.0,0.04,0.04,311881.49688999995,61046.99688999998
2021-02-01,600519,stock,0.0,0.0,0.04,0.04,311881.49688999995,61046.99688999998
2021-02-01,601318,stock,0.0,0.0,0.04,0.04,311881.49688999995,61046.99688999998
2021-03-01,510300,etf,97980.4,0.29980438818703775,0.3,0.0001956118129622375,326814.42921,63523.629209999985
2021-03-01,510500,etf,65113.2,0.19923600116860338,0.2,0.0007639988313966339,326814.42921,63523.629209999985
2021-03-01,515180,etf,67123.2,0.20538628041073695,0.2,-0.005386280410736938,326814.42921,63523.629209999985
2021-03-01,518880,etf,33074.0,0.10120116201707777,0.1,-0.0012011620170777615,326814.42921,63523.629209999985
2021-03-01,000333,stock,0.0,0.0,0.04,0.04,326814.42921,63523.629209999985
2021-03-01,000858,stock,0.0,0.0,0.04,0.04,326814.42921,63523.629209999985
2021-03-01,600036,stock,0.0,0.0,0.04,0.04,326814.42921,63523.629209999985
2021-03-01,600519,stock,0.0,0.0,0.04,0.04,326814.42921,63523.629209999985
2021-03-01,601318,stock,0.0,0.0,0.04,0.04,326814.42921,63523.629209999985
2021-04-01,510300,etf,91982.79999999999,0.27856043568932287,0.3,0.021439564310677117,330207.69719999994,65565.59719999999
2021-04-01,510500,etf,63331.2,0.19179201616745356,0.2,0.00820798383254645,330207.69719999994,65565.59719999999
2021-04-01,515180,etf,76530.1,0.23176352534764602,0.2,-0.03176352534764601,330207.69719999994,65565.59719999999
2021-04-01,518880,etf,32798.0,0.09932536484797606,0.1,0.0006746351520239419,330207.69719999994,65565.59719999999
2021-04-01,000333,stock,0.0,0.0,0.04,0.04,330207.69719999994,65565.59719999999
2021-04-01,000858,stock,0.0,0.0,0.04,0.04,330207.69719999994,65565.59719999999
2021-04-01,600036,stock,0.0,0.0,0.04,0.04,330207.69719999994,65565.59719999999
2021-04-01,600519,stock,0.0,0.0,0.04,0.04,330207.69719999994,65565.59719999999
2021-04-01,601318,stock,0.0,0.0,0.04,0.04,330207.69719999994,65565.59719999999
2021-05-06,510300,etf,97017.8,0.2807306004765459,0.3,0.019269399523454078,345590.39818,67709.99818
2021-05-06,510500,etf,66999.59999999999,0.19386996963122624,0.2,0.00613003036877377,345590.39818,67709.99818
2021-05-06,515180,etf,80043.8,0.23161465255267122,0.2,-0.03161465255267121,345590.39818,67709.99818
2021-05-06,518880,etf,33819.200000000004,0.09785920030794763,0.1,0.0021407996920523725,345590.39818,67709.99818
2021-05-06,000333,stock,0.0,0.0,0.04,0.04,345590.39818,67709.99818
2021-05-06,000858,stock,0.0,0.0,0.04,0.04,345590.39818,67709.99818
2021-05-06,600036,stock,0.0,0.0,0.04,0.04,345590.39818,67709.99818
2021-05-06,600519,stock,0.0,0.0,0.04,0.04,345590.39818,67709.99818
2021-05-06,601318,stock,0.0,0.0,0.04,0.04,345590.39818,67709.99818
2021-06-01,510300,etf,107408.59999999999,0.2890581611113774,0.3,0.010941838888622601,371581.27481000003,70605.87481000001
2021-06-01,510500,etf,71820.0,0.19328207546713325,0.2,0.006717924532866765,371581.27481000003,70605.87481000001
2021-06-01,515180,etf,85528.6,0.23017467724586818,0.2,-0.03017467724586817,371581.27481000003,70605.87481000001
2021-06-01,518880,etf,36218.200000000004,0.09747046596607806,0.1,0.0025295340339219485,371581.27481000003,70605.87481000001
2021-06-01,000333,stock,0.0,0.0,0.04,0.04,371581.27481000003,70605.87481000001
2021-06-01,000858,stock,0.0,0.0,0.04,0.04,371581.27481000003,70605.87481000001
2021-06-01,600036,stock,0.0,0.0,0.04,0.04,371581.27481000003,70605.87481000001
2021-06-01,600519,stock,0.0,0.0,0.04,0.04,371581.27481000003,70605.87481000001
2021-06-01,601318,stock,0.0,0.0,0.04,0.04,371581.27481000003,70605.87481000001
2021-07-01,510300,etf,110721.5,0.29356398086533,0.3,0.006436019134670012,377163.09635,73382.29635
2021-07-01,510500,etf,73932.3,0.19602209419606703,0.2,0.0039779058039329795,377163.09635,73382.29635
2021-07-01,515180,etf,85014.4,0.2254048734426241,0.2,-0.0254048734426241,377163.09635,73382.29635
2021-07-01,518880,etf,34112.6,0.0904452220541327,0.1,0.009554777945867302,377163.09635,73382.29635
2021-07-01,000333,stock,0.0,0.0,0.04,0.04,377163.09635,73382.29635
2021-07-01,000858,stock,0.0,0.0,0.04,0.04,377163.09635,73382.29635
2021-07-01,600036,stock,0.0,0.0,0.04,0.04,377163.09635,73382.29635
2021-07-01,600519,stock,0.0,0.0,0.04,0.04,377163.09635,73382.29635
2021-07-01,601318,stock,0.0,0.0,0.04,0.04,377163.09635,73382.29635
2021-08-02,510300,etf,104744.59999999999,0.2753259883131171,0.3,0.02467401168688288,380438.47819,75588.97819000001
2021-08-02,510500,etf,83669.4,0.21992885787492167,0.2,-0.019928857874921657,380438.47819,75588.97819000001
2021-08-02,515180,etf,81843.5,0.21512939592594368,0.2,-0.015129395925943673,380438.47819,75588.97819000001
2021-08-02,518880,etf,34592.0,0.09092665958653093,0.1,0.009073340413469078,380438.47819,75588.97819000001
2021-08-02,000333,stock,0.0,0.0,0.04,0.04,380438.47819,75588.97819000001
2021-08-02,000858,stock,0.0,0.0,0.04,0.04,380438.47819,75588.97819000001
2021-08-02,600036,stock,0.0,0.0,0.04,0.04,380438.47819,75588.97819000001
2021-08-02,600519,stock,0.0,0.0,0.04,0.04,380438.47819,75588.97819000001
2021-08-02,601318,stock,0.0,0.0,0.04,0.04,380438.47819,75588.97819000001
2021-09-01,510300,etf,103737.0,0.25631511104374255,0.3,0.04368488895625744,404724.47987000004,78273.07987000002
2021-09-01,510500,etf,91227.2,0.22540568840635172,0.2,-0.025405688406351712,404724.47987000004,78273.07987000002
2021-09-01,515180,etf,96801.20000000001,0.2391780206403456,0.2,-0.03917802064034559,404724.47987000004,78273.07987000002
2021-09-01,518880,etf,34686.0,0.0857027477338197,0.1,0.01429725226618031,404724.47987000004,78273.07987000002
2021-09-01,000333,stock,0.0,0.0,0.04,0.04,404724.47987000004,78273.07987000002
2021-09-01,000858,stock,0.0,0.0,0.04,0.04,404724.47987000004,78273.07987000002
2021-09-01,600036,stock,0.0,0.0,0.04,0.04,404724.47987000004,78273.07987000002
2021-09-01,600519,stock,0.0,0.0,0.04,0.04,404724.47987000004,78273.07987000002
2021-09-01,601318,stock,0.0,0.0,0.04,0.04,404724.47987000004,78273.07987000002
2021-10-08,510300,etf,105042.29999999999,0.25527946803041357,0.3,0.04472053196958642,411479.62588,80991.32588000002
2021-10-08,510500,etf,93241.2,0.2265997977435509,0.2,-0.026599797743550896,411479.62588,80991.32588000002
2021-10-08,515180,etf,98487.0,0.23934842409116464,0.2,-0.039348424091164624,411479.62588,80991.32588000002
2021-10-08,518880,etf,33717.8,0.08194281777108726,0.1,0.01805718222891274,411479.62588,80991.32588000002
2021-10-08,000333,stock,0.0,0.0,0.04,0.04,411479.62588,80991.32588000002
2021-10-08,000858,stock,0.0,0.0,0.04,0.04,411479.62588,80991.32588000002
2021-10-08,600036,stock,0.0,0.0,0.04,0.04,411479.62588,80991.32588000002
2021-10-08,600519,stock,0.0,0.0,0.04,0.04,411479.62588,80991.32588000002
2021-10-08,601318,stock,0.0,0.0,0.04,0.04,411479.62588,80991.32588000002
2021-11-01,510300,etf,104103.40000000001,0.25114151373583476,0.3,0.048858486264165224,414520.87491,83634.87491000001
2021-11-01,510500,etf,100185.0,0.2416886725469543,0.2,-0.0416886725469543,414520.87491,83634.87491000001
2021-11-01,515180,etf,92814.0,0.22390669714800635,0.2,-0.023906697148006334,414520.87491,83634.87491000001
2021-11-01,518880,etf,33783.6,0.08150035871495019,0.1,0.018499641285049814,414520.87491,83634.87491000001
2021-11-01,000333,stock,0.0,0.0,0.04,0.04,414520.87491,83634.87491000001
2021-11-01,000858,stock,0.0,0.0,0.04,0.04,414520.87491,83634.87491000001
2021-11-01,600036,stock,0.0,0.0,0.04,0.04,414520.87491,83634.87491000001
2021-11-01,600519,stock,0.0,0.0,0.04,0.04,414520.87491,83634.87491000001
2021-11-01,601318,stock,0.0,0.0,0.04,0.04,414520.87491,83634.87491000001
2021-12-01,510300,etf,103164.5,0.24027109054777854,0.3,0.05972890945222145,429367.09433,86178.59433000002
2021-12-01,510500,etf,107043.0,0.2493041535170127,0.2,-0.0493041535170127,429367.09433,86178.59433000002
2021-12-01,515180,etf,99225.6,0.23109735541060789,0.2,-0.031097355410607874,429367.09433,86178.59433000002
2021-12-01,518880,etf,33755.4,0.07861664399940371,0.1,0.021383356000596293,429367.09433,86178.59433000002
2021-12-01,000333,stock,0.0,0.0,0.04,0.04,429367.09433,86178.59433000002
2021-12-01,000858,stock,0.0,0.0,0.04,0.04,429367.09433,86178.59433000002
2021-12-01,600036,stock,0.0,0.0,0.04,0.04,429367.09433,86178.59433000002
2021-12-01,600519,stock,0.0,0.0,0.04,0.04,429367.09433,86178.59433000002
2021-12-01,601318,stock,0.0,0.0,0.04,0.04,429367.09433,86178.59433000002
2022-01-04,510300,etf,104675.9,0.23500273603559554,0.3,0.06499726396440444,445424.17576,88770.07576000002
2022-01-04,510500,etf,111616.0,0.2505836146175866,0.2,-0.05058361461758659,445424.17576,88770.07576000002
2022-01-04,515180,etf,106334.2,0.23872570414160493,0.2,-0.03872570414160492,445424.17576,88770.07576000002
2022-01-04,518880,etf,34028.0,0.07639459609919041,0.1,0.02360540390080959,445424.17576,88770.07576000002
2022-01-04,000333,stock,0.0,0.0,0.04,0.04,445424.17576,88770.07576000002
2022-01-04,000858,stock,0.0,0.0,0.04,0.04,445424.17576,88770.07576000002
2022-01-04,600036,stock,0.0,0.0,0.04,0.04,445424.17576,88770.07576000002
2022-01-04,600519,stock,0.0,0.0,0.04,0.04,445424.17576,88770.07576000002
2022-01-04,601318,stock,0.0,0.0,0.04,0.04,445424.17576,88770.07576000002
2022-02-07,510300,etf,98057.8,0.2253605063253517,0.3,0.07463949367464828,435115.28084,91071.68084000003
2022-02-07,510500,etf,104530.2,0.24023564467375647,0.2,-0.040235644673756454,435115.28084,91071.68084000003
2022-02-07,515180,etf,107427.59999999999,0.24689456962441894,0.2,-0.04689456962441893,435115.28084,91071.68084000003
2022-02-07,518880,etf,34028.0,0.07820456209744729,0.1,0.021795437902552714,435115.28084,91071.68084000003
2022-02-07,000333,stock,0.0,0.0,0.04,0.04,435115.28084,91071.68084000003
2022-02-07,000858,stock,0.0,0.0,0.04,0.04,435115.28084,91071.68084000003
2022-02-07,600036,stock,0.0,0.0,0.04,0.04,435115.28084,91071.68084000003
2022-02-07,600519,stock,0.0,0.0,0.04,0.04,435115.28084,91071.68084000003
2022-02-07,601318,stock,0.0,0.0,0.04,0.04,435115.28084,91071.68084000003
2022-03-01,510300,etf,97668.49999999999,0.21579094065372428,0.3,0.0842090593462757,452607.04506000003,93110.74506000003
2022-03-01,510500,etf,107833.6,0.23824993706340786,0.2,-0.038249937063407846,452607.04506000003,93110.74506000003
2022-03-01,515180,etf,110455.20000000001,0.24404215799459655,0.2,-0.04404215799459654,452607.04506000003,93110.74506000003
2022-03-01,518880,etf,43539.0,0.09619602804509646,0.1,0.0038039719549035483,452607.04506000003,93110.74506000003
2022-03-01,000333,stock,0.0,0.0,0.04,0.04,452607.04506000003,93110.74506000003
2022-03-01,000858,stock,0.0,0.0,0.04,0.04,452607.04506000003,93110.74506000003
2022-03-01,600036,stock,0.0,0.0,0.04,0.04,452607.04506000003,93110.74506000003
2022-03-01,600519,stock,0.0,0.0,0.04,0.04,452607.04506000003,93110.74506000003
2022-03-01,601318,stock,0.0,0.0,0.04,0.04,452607.04506000003,93110.74506000003
2022-04-01,510300,etf,89882.5,0.1999083546395405,0.3,0.1000916453604595,449618.52726000006,95394.72726000003
2022-04-01,510500,etf,99782.6,0.22192724265185565,0.2,-0.02192724265185564,449618.52726000006,95394.72726000003
2022-04-01,515180,etf,112543.20000000001,0.2503081905584373,0.2,-0.05030819055843727,449618.52726000006,95394.72726000003
2022-04-01,518880,etf,52015.5,0.11568807076742435,0.1,-0.015688070767424345,449618.52726000006,95394.72726000003
2022-04-01,000333,stock,0.0,0.0,0.04,0.04,449618.52726000006,95394.72726000003
2022-04-01,000858,stock,0.0,0.0,0.04,0.04,449618.52726000006,95394.72726000003
2022-04-01,600036,stock,0.0,0.0,0.04,0.04,449618.52726000006,95394.72726000003
2022-04-01,600519,stock,0.0,0.0,0.04,0.04,449618.52726000006,95394.72726000003
2022-04-01,601318,stock,0.0,0.0,0.04,0.04,449618.52726000006,95394.72726000003
2022-05-05,510300,etf,83722.40000000001,0.1920576783300268,0.3,0.1079423216699732,435923.21186000004,97526.51186000003
2022-05-05,510500,etf,88644.0,0.20334774012554457,0.2,-0.0033477401255445627,435923.21186000004,97526.51186000003
2022-05-05,515180,etf,105130.79999999999,0.241168162510611,0.2,-0.04116816251061098,435923.21186000004,97526.51186000003
2022-05-05,518880,etf,60899.5,0.1397023566149497,0.1,-0.039702356614949696,435923.21186000004,97526.51186000003
2022-05-05,000333,stock,0.0,0.0,0.04,0.04,435923.21186000004,97526.51186000003
2022-05-05,000858,stock,0.0,0.0,0.04,0.04,435923.21186000004,97526.51186000003
2022-05-05,600036,stock,0.0,0.0,0.04,0.04,435923.21186000004,97526.51186000003
2022-05-05,600519,stock,0.0,0.0,0.04,0.04,435923.21186000004,97526.51186000003
2022-05-05,601318,stock,0.0,0.0,0.04,0.04,435923.21186000004,97526.51186000003
2022-06-01,510300,etf,85623.09999999999,0.18803157078198082,0.3,0.11196842921801917,455365.55188000004,99932.05188000003
2022-06-01,510500,etf,94570.2,0.20767974127503075,0.2,-0.007679741275030738,455365.55188000004,99932.05188000003
2022-06-01,515180,etf,113223.0,0.24864199659494013,0.2,-0.04864199659494012,455365.55188000004,99932.05188000003
2022-06-01,518880,etf,62017.2,0.13619212025143054,0.1,-0.03619212025143054,455365.55188000004,99932.05188000003
2022-06-01,000333,stock,0.0,0.0,0.04,0.04,455365.55188000004,99932.05188000003
2022-06-01,000858,stock,0.0,0.0,0.04,0.04,455365.55188000004,99932.05188000003
2022-06-01,600036,stock,0.0,0.0,0.04,0.04,455365.55188000004,99932.05188000003
2022-06-01,600519,stock,0.0,0.0,0.04,0.04,455365.55188000004,99932.05188000003
2022-06-01,601318,stock,0.0,0.0,0.04,0.04,455365.55188000004,99932.05188000003
2022-07-01,510300,etf,95012.1,0.19617429881816706,0.3,0.10382570118183293,484324.91194,101967.91194000002
2022-07-01,510500,etf,102289.2,0.21119954286529033,0.2,-0.011199542865290318,484324.91194,101967.91194000002
2022-07-01,515180,etf,121484.5,0.2508326476814597,0.2,-0.050832647681459675,484324.91194,101967.91194000002
2022-07-01,518880,etf,63571.2,0.13125734074954096,0.1,-0.03125734074954095,484324.91194,101967.91194000002
2022-07-01,000333,stock,0.0,0.0,0.04,0.04,484324.91194,101967.91194000002
2022-07-01,000858,stock,0.0,0.0,0.04,0.04,484324.91194,101967.91194000002
2022-07-01,600036,stock,0.0,0.0,0.04,0.04,484324.91194,101967.91194000002
2022-07-01,600519,stock,0.0,0.0,0.04,0.04,484324.91194,101967.91194000002
2022-07-01,601318,stock,0.0,0.0,0.04,0.04,484324.91194,101967.91194000002
2022-08-01,510300,etf,89172.6,0.18418186943283515,0.3,0.11581813056716483,484155.14662,104061.24662000002
2022-08-01,510500,etf,101177.0,0.20897640086311223,0.2,-0.008976400863112216,484155.14662,104061.24662000002
2022-08-01,515180,etf,126861.9,0.2620273705353594,0.2,-0.062027370535359394,484155.14662,104061.24662000002
2022-08-01,518880,etf,62882.4,0.12988068068468692,0.1,-0.02988068068468691,484155.14662,104061.24662000002
2022-08-01,000333,stock,0.0,0.0,0.04,0.04,484155.14662,104061.24662000002
2022-08-01,000858,stock,0.0,0.0,0.04,0.04,484155.14662,104061.24662000002
2022-08-01,600036,stock,0.0,0.0,0.04,0.04,484155.14662,104061.24662000002
2022-08-01,600519,stock,0.0,0.0,0.04,0.04,484155.14662,104061.24662000002
2022-08-01,601318,stock,0.0,0.0,0.04,0.04,484155.14662,104061.24662000002
2022-09-01,510300,etf,86172.7,0.17536459855458672,0.3,0.12463540144541327,491391.65322000004,106132.95322000002
2022-09-01,510500,etf,97857.0,0.19914257671810437,0.2,0.0008574232818956418,491391.65322000004,106132.95322000002
2022-09-01,515180,etf,138565.0,0.2819848466940958,0.2,-0.08198484669409578,491391.65322000004,106132.95322000002
2022-09-01,518880,etf,62664.0,0.12752353359967394,0.1,-0.02752353359967394,491391.65322000004,106132.95322000002
2022-09-01,000333,stock,0.0,0.0,0.04,0.04,491391.65322000004,106132.95322000002
2022-09-01,000858,stock,0.0,0.0,0.04,0.04,491391.65322000004,106132.95322000002
2022-09-01,600036,stock,0.0,0.0,0.04,0.04,491391.65322000004,106132.95322000002
2022-09-01,600519,stock,0.0,0.0,0.04,0.04,491391.65322000004,106132.95322000002
2022-09-01,601318,stock,0.0,0.0,0.04,0.04,491391.65322000004,106132.95322000002
2022-10-10,510300,etf,78890.5,0.1638820810453207,0.3,0.13611791895467928,481385.75918000005,108512.25918000002
2022-10-10,510500,etf,89756.2,0.1864537915556374,0.2,0.013546208444362606,481385.75918000005,108512.25918000002
2022-10-10,515180,etf,137932.8,0.2865327803526154,0.2,-0.08653278035261541,481385.75918000005,108512.25918000002
2022-10-10,518880,etf,66294.0,0.13771491726910706,0.1,-0.03771491726910706,481385.75918000005,108512.25918000002
2022-10-10,000333,stock,0.0,0.0,0.04,0.04,481385.75918000005,108512.25918000002
2022-10-10,000858,stock,0.0,0.0,0.04,0.04,481385.75918000005,108512.25918000002
2022-10-10,600036,stock,0.0,0.0,0.04,0.04,481385.75918000005,108512.25918000002
2022-10-10,600519,stock,0.0,0.0,0.04,0.04,481385.75918000005,108512.25918000002
2022-10-10,601318,stock,0.0,0.0,0.04,0.04,481385.75918000005,108512.25918000002
2022-11-01,510300,etf,76921.1,0.1578914353801389,0.3,0.1421085646198611,487177.1531800001,110882.35318000002
2022-11-01,510500,etf,94935.40000000001,0.19486833358321237,0.2,0.005131666416787639,487177.1531800001,110882.35318000002
2022-11-01,515180,etf,130524.3,0.2679195835601397,0.2,-0.06791958356013966,487177.1531800001,110882.35318000002
2022-11-01,518880,etf,73914.0,0.15171893738762945,0.1,-0.05171893738762945,487177.1531800001,110882.35318000002
2022-11-01,000333,stock,0.0,0.0,0.04,0.04,487177.1531800001,110882.35318000002
2022-11-01,000858,stock,0.0,0.0,0.04,0.04,487177.1531800001,110882.35318000002
2022-11-01,600036,stock,0.0,0.0,0.04,0.04,487177.1531800001,110882.35318000002
2022-11-01,600519,stock,0.0,0.0,0.04,0.04,487177.1531800001,110882.35318000002
2022-11-01,601318,stock,0.0,0.0,0.04,0.04,487177.1531800001,110882.35318000002
2022-12-01,510300,etf,82714.8,0.157395371126343,0.3,0.142604628873657,525522.44331,113172.44331000003
2022-12-01,510500,etf,98770.0,0.18794630230803797,0.2,0.012053697691962045,525522.44331,113172.44331000003
2022-12-01,515180,etf,151745.19999999998,0.28875113124424096,0.2,-0.08875113124424094,525522.44331,113172.44331000003
2022-12-01,518880,etf,79120.0,0.15055494014996418,0.1,-0.05055494014996417,525522.44331,113172.44331000003
2022-12-01,000333,stock,0.0,0.0,0.04,0.04,525522.44331,113172.44331000003
2022-12-01,000858,stock,0.0,0.0,0.04,0.04,525522.44331,113172.44331000003
2022-12-01,600036,stock,0.0,0.0,0.04,0.04,525522.44331,113172.44331000003
2022-12-01,600519,stock,0.0,0.0,0.04,0.04,525522.44331,113172.44331000003
2022-12-01,601318,stock,0.0,0.0,0.04,0.04,525522.44331,113172.44331000003
2023-01-03,510300,etf,82554.5,0.15714496331145708,0.3,0.1428550366885429,525339.77711,115188.07711000003
2023-01-03,510500,etf,95118.0,0.18105996184652776,0.2,0.018940038153472255,525339.77711,115188.07711000003
2023-01-03,515180,etf,144765.19999999998,0.27556489401275214,0.2,-0.07556489401275213,525339.77711,115188.07711000003
2023-01-03,518880,etf,87714.0,0.16696622609186837,0.1,-0.06696622609186836,525339.77711,115188.07711000003
2023-01-03,000333,stock,0.0,0.0,0.04,0.04,525339.77711,115188.07711000003
2023-01-03,000858,stock,0.0,0.0,0.04,0.04,525339.77711,115188.07711000003
2023-01-03,600036,stock,0.0,0.0,0.04,0.04,525339.77711,115188.07711000003
2023-01-03,600519,stock,0.0,0.0,0.04,0.04,525339.77711,115188.07711000003
2023-01-03,601318,stock,0.0,0.0,0.04,0.04,525339.77711,115188.07711000003
2023-02-01,510300,etf,89539.0,0.160697885898194,0.3,0.13930211410180598,557188.4129,117436.31290000002
2023-02-01,510500,etf,101841.0,0.18277659341469052,0.2,0.017223406585309492,557188.4129,117436.31290000002
2023-02-01,515180,etf,155915.5,0.2798254529172748,0.2,-0.07982545291727478,557188.4129,117436.31290000002
2023-02-01,518880,etf,92456.6,0.16593417569254698,0.1,-0.06593417569254698,557188.4129,117436.31290000002
2023-02-01,000333,stock,0.0,0.0,0.04,0.04,557188.4129,117436.31290000002
2023-02-01,000858,stock,0.0,0.0,0.04,0.04,557188.4129,117436.31290000002
2023-02-01,600036,stock,0.0,0.0,0.04,0.04,557188.4129,117436.31290000002
2023-02-01,600519,stock,0.0,0.0,0.04,0.04,557188.4129,117436.31290000002
2023-02-01,601318,stock,0.0,0.0,0.04,0.04,557188.4129,117436.31290000002
2023-03-01,510300,etf,87936.0,0.15416342054412135,0.3,0.14583657945587863,570407.68614,120021.48614000002
2023-03-01,510500,etf,109843.8,0.19257068701742583,0.2,0.007429312982574182,570407.68614,120021.48614000002
2023-03-01,515180,etf,161551.00000000003,0.28322023690324044,0.2,-0.08322023690324043,570407.68614,120021.48614000002
2023-03-01,518880,etf,91055.4,0.15963214068200948,0.1,-0.05963214068200948,570407.68614,120021.48614000002
2023-03-01,000333,stock,0.0,0.0,0.04,0.04,570407.68614,120021.48614000002
2023-03-01,000858,stock,0.0,0.0,0.04,0.04,570407.68614,120021.48614000002
2023-03-01,600036,stock,0.0,0.0,0.04,0.04,570407.68614,120021.48614000002
2023-03-01,600519,stock,0.0,0.0,0.04,0.04,570407.68614,120021.48614000002
2023-03-01,601318,stock,0.0,0.0,0.04,0.04,570407.68614,120021.48614000002
2023-04-03,510300,etf,87020.0,0.14970169571868785,0.3,0.15029830428131213,581289.34066,122592.24066000002
2023-04-03,510500,etf,117477.0,0.2020972892202286,0.2,-0.0020972892202285875,581289.34066,122592.24066000002
2023-04-03,515180,etf,158805.5,0.2731952728045746,0.2,-0.07319527280457461,581289.34066,122592.24066000002
2023-04-03,518880,etf,95394.6,0.16410863459441438,0.1,-0.06410863459441438,581289.34066,122592.24066000002
2023-04-03,000333,stock,0.0,0.0,0.04,0.04,581289.34066,122592.24066000002
2023-04-03,000858,stock,0.0,0.0,0.04,0.04,581289.34066,122592.24066000002
2023-04-03,600036,stock,0.0,0.0,0.04,0.04,581289.34066,122592.24066000002
2023-04-03,600519,stock,0.0,0.0,0.04,0.04,581289.34066,122592.24066000002
2023-04-03,601318,stock,0.0,0.0,0.04,0.04,581289.34066,122592.24066000002
2023-05-04,510300,etf,85760.5,0.14221222542495132,0.3,0.15778777457504867,603045.90371,124630.40371
2023-05-04,510500,etf,114722.0,0.19023759102618645,0.2,0.009762408973813558,603045.90371,124630.40371
2023-05-04,515180,etf,175969.0,0.2918003404341539,0.2,-0.09180034043415392,603045.90371,124630.40371
2023-05-04,518880,etf,101963.99999999999,0.16908165592819227,0.1,-0.06908165592819226,603045.90371,124630.40371
2023-05-04,000333,stock,0.0,0.0,0.04,0.04,603045.90371,124630.40371
2023-05-04,000858,stock,0.0,0.0,0.04,0.04,603045.90371,124630.40371
2023-05-04,600036,stock,0.0,0.0,0.04,0.04,603045.90371,124630.40371
2023-05-04,600519,stock,0.0,0.0,0.04,0.04,603045.90371,124630.40371
2023-05-04,601318,stock,0.0,0.0,0.04,0.04,603045.90371,124630.40371
2023-06-01,510300,etf,80837.0,0.1362214063912152,0.3,0.1637785936087848,593423.61925,126786.01924999998
2023-06-01,510500,etf,111378.0,0.18768717049173975,0.2,0.012312829508260265,593423.61925,126786.01924999998
2023-06-01,515180,etf,170607.00000000003,0.2874961401361512,0.2,-0.0874961401361512,593423.61925,126786.01924999998
2023-06-01,518880,etf,103815.6,0.17494349168509274,0.1,-0.07494349168509273,593423.61925,126786.01924999998
2023-06-01,000333,stock,0.0,0.0,0.04,0.04,593423.61925,126786.01924999998
2023-06-01,000858,stock,0.0,0.0,0.04,0.04,593423.61925,126786.01924999998
2023-06-01,600036,stock,0.0,0.0,0.04,0.04,593423.61925,126786.01924999998
2023-06-01,600519,stock,0.0,0.0,0.04,0.04,593423.61925,126786.01924999998
2023-06-01,601318,stock,0.0,0.0,0.04,0.04,593423.61925,126786.01924999998
2023-07-03,510300,etf,83516.29999999999,0.13754693632845158,0.3,0.1624530636715484,607184.0073599999,128920.50735999997
2023-07-03,510500,etf,111796.0,0.1841221090227366,0.2,0.015877890977263415,607184.0073599999,128920.50735999997
2023-07-03,515180,etf,176616.0,0.2908772264406566,0.2,-0.0908772264406566,607184.0073599999,128920.50735999997
2023-07-03,518880,etf,106335.2,0.17512845976022845,0.1,-0.07512845976022844,607184.0073599999,128920.50735999997
2023-07-03,000333,stock,0.0,0.0,0.04,0.04,607184.0073599999,128920.50735999997
2023-07-03,000858,stock,0.0,0.0,0.04,0.04,607184.0073599999,128920.50735999997
2023-07-03,600036,stock,0.0,0.0,0.04,0.04,607184.0073599999,128920.50735999997
2023-07-03,600519,stock,0.0,0.0,0.04,0.04,607184.0073599999,128920.50735999997
2023-07-03,601318,stock,0.0,0.0,0.04,0.04,607184.0073599999,128920.50735999997
2023-08-01,510300,etf,86699.4,0.1366617487715954,0.3,0.1633382512284046,634408.6826,131045.0826
2023-08-01,510500,etf,113259.0,0.1785268756660614,0.2,0.02147312433393861,634408.6826,131045.0826
2023-08-01,515180,etf,192755.19999999998,0.3038344292673147,0.2,-0.10383442926731468,634408.6826,131045.0826
2023-08-01,518880,etf,110650.0,0.17441438466214335,0.1,-0.07441438466214334,634408.6826,131045.0826
2023-08-01,000333,stock,0.0,0.0,0.04,0.04,634408.6826,131045.0826
2023-08-01,000858,stock,0.0,0.0,0.04,0.04,634408.6826,131045.0826
2023-08-01,600036,stock,0.0,0.0,0.04,0.04,634408.6826,131045.0826
2023-08-01,600519,stock,0.0,0.0,0.04,0.04,634408.6826,131045.0826
2023-08-01,601318,stock,0.0,0.0,0.04,0.04,634408.6826,131045.0826
2023-09-01,510300,etf,82027.8,0.13048293862771165,0.3,0.16951706137228834,628647.70569,133514.60569
2023-09-01,510500,etf,106628.0,0.16961487178731646,0.2,0.03038512821268355,628647.70569,133514.60569
2023-09-01,515180,etf,192007.80000000002,0.3054298906400261,0.2,-0.10542989064002611,628647.70569,133514.60569
2023-09-01,518880,etf,114469.5,0.18208847175280624,0.1,-0.08208847175280623,628647.70569,133514.60569
2023-09-01,000333,stock,0.0,0.0,0.04,0.04,628647.70569,133514.60569
2023-09-01,000858,stock,0.0,0.0,0.04,0.04,628647.70569,133514.60569
2023-09-01,600036,stock,0.0,0.0,0.04,0.04,628647.70569,133514.60569
2023-09-01,600519,stock,0.0,0.0,0.04,0.04,628647.70569,133514.60569
2023-09-01,601318,stock,0.0,0.0,0.04,0.04,628647.70569,133514.60569
2023-10-09,510300,etf,79554.6,0.12559019065496135,0.3,0.17440980934503864,633445.96887,135552.86886999998
2023-10-09,510500,etf,104879.99999999999,0.16557055400809434,0.2,0.03442944599190567,633445.96887,135552.86886999998
2023-10-09,515180,etf,198487.99999999997,0.31334637799350334,0.2,-0.11334637799350333,633445.96887,135552.86886999998
2023-10-09,518880,etf,114970.5,0.18150008943161342,0.1,-0.08150008943161341,633445.96887,135552.86886999998
2023-10-09,000333,stock,0.0,0.0,0.04,0.04,633445.96887,135552.86886999998
2023-10-09,000858,stock,0.0,0.0,0.04,0.04,633445.96887,135552.86886999998
2023-10-09,600036,stock,0.0,0.0,0.04,0.04,633445.96887,135552.86886999998
2023-10-09,600519,stock,0.0,0.0,0.04,0.04,633445.96887,135552.86886999998
2023-10-09,601318,stock,0.0,0.0,0.04,0.04,633445.96887,135552.86886999998
2023-11-01,510300,etf,76989.8,0.12094364953042218,0.3,0.1790563504695778,636575.79624,137717.59623999998
2023-11-01,510500,etf,102125.0,0.16042865689083963,0.2,0.039571343109160384,636575.79624,137717.59623999998
2023-11-01,515180,etf,191780.0,0.30126813041395567,0.2,-0.10126813041395566,636575.79624,137717.59623999998
2023-11-01,518880,etf,127963.4,0.20101832453547383,0.1,-0.10101832453547382,636575.79624,137717.59623999998
2023-11-01,000333,stock,0.0,0.0,0.04,0.04,636575.79624,137717.59623999998
2023-11-01,000858,stock,0.0,0.0,0.04,0.04,636575.79624,137717.59623999998
2023-11-01,600036,stock,0.0,0.0,0.04,0.04,636575.79624,137717.59623999998
2023-11-01,600519,stock,0.0,0.0,0.04,0.04,636575.79624,137717.59623999998
2023-11-01,601318,stock,0.0,0.0,0.04,0.04,636575.79624,137717.59623999998
2023-12-01,510300,etf,74837.2,0.11575695215157343,0.3,0.18424304784842654,646502.85455,139906.15454999998
2023-12-01,510500,etf,103056.0,0.15940532864581455,0.2,0.04059467135418546,646502.85455,139906.15454999998
2023-12-01,515180,etf,193328.00000000003,0.2990365760017664,0.2,-0.09903657600176641,646502.85455,139906.15454999998
2023-12-01,518880,etf,135375.5,0.20939660056756976,0.1,-0.10939660056756975,646502.85455,139906.15454999998
2023-12-01,000333,stock,0.0,0.0,0.04,0.04,646502.85455,139906.15454999998
2023-12-01,000858,stock,0.0,0.0,0.04,0.04,646502.85455,139906.15454999998
2023-12-01,600036,stock,0.0,0.0,0.04,0.04,646502.85455,139906.15454999998
2023-12-01,600519,stock,0.0,0.0,0.04,0.04,646502.85455,139906.15454999998
2023-12-01,601318,stock,0.0,0.0,0.04,0.04,646502.85455,139906.15454999998
2024-01-02,510300,etf,72661.7,0.1115847400546968,0.3,0.18841525994530317,651179.54269,141963.64268999998
2024-01-02,510500,etf,99883.0,0.15338780390333948,0.2,0.046612196096660535,651179.54269,141963.64268999998
2024-01-02,515180,etf,191092.0,0.29345516477775946,0.2,-0.09345516477775945,651179.54269,141963.64268999998
2024-01-02,518880,etf,145579.2,0.22356230571774016,0.1,-0.12356230571774016,651179.54269,141963.64268999998
2024-01-02,000333,stock,0.0,0.0,0.04,0.04,651179.54269,141963.64268999998
2024-01-02,000858,stock,0.0,0.0,0.04,0.04,651179.54269,141963.64268999998
2024-01-02,600036,stock,0.0,0.0,0.04,0.04,651179.54269,141963.64268999998
2024-01-02,600519,stock,0.0,0.0,0.04,0.04,651179.54269,141963.64268999998
2024-01-02,601318,stock,0.0,0.0,0.04,0.04,651179.54269,141963.64268999998
2024-02-01,510300,etf,68860.3,0.10680541445243974,0.3,0.19319458554756025,644726.67751,144365.17750999998
2024-02-01,510500,etf,85975.0,0.13335108193761144,0.2,0.06664891806238857,644726.67751,144365.17750999998
2024-02-01,515180,etf,197550.6,0.3064098429476511,0.2,-0.1064098429476511,644726.67751,144365.17750999998
2024-02-01,518880,etf,147975.6,0.22951679395600139,0.1,-0.12951679395600138,644726.67751,144365.17750999998
2024-02-01,000333,stock,0.0,0.0,0.04,0.04,644726.67751,144365.17750999998
2024-02-01,000858,stock,0.0,0.0,0.04,0.04,644726.67751,144365.17750999998
2024-02-01,600036,stock,0.0,0.0,0.04,0.04,644726.67751,144365.17750999998
2024-02-01,600519,stock,0.0,0.0,0.04,0.04,644726.67751,144365.17750999998
2024-02-01,601318,stock,0.0,0.0,0.04,0.04,644726.67751,144365.17750999998
2024-03-01,510300,etf,76005.1,0.1100097621450383,0.3,0.1899902378549617,690894.13992,146710.93991999998
2024-03-01,510500,etf,99313.0,0.14374561059600194,0.2,0.05625438940399807,690894.13992,146710.93991999998
2024-03-01,515180,etf,218587.7,0.3163837806256552,0.2,-0.11638378062565519,690894.13992,146710.93991999998
2024-03-01,518880,etf,150277.4,0.2175114700168117,0.1,-0.1175114700168117,690894.13992,146710.93991999998
2024-03-01,000333,stock,0.0,0.0,0.04,0.04,690894.13992,146710.93991999998
2024-03-01,000858,stock,0.0,0.0,0.04,0.04,690894.13992,146710.93991999998
2024-03-01,600036,stock,0.0,0.0,0.04,0.04,690894.13992,146710.93991999998
2024-03-01,600519,stock,0.0,0.0,0.04,0.04,690894.13992,146710.93991999998
2024-03-01,601318,stock,0.0,0.0,0.04,0.04,690894.13992,146710.93991999998
2024-04-01,510300,etf,77241.70000000001,0.10760970908138429,0.3,0.1923902909186157,717794.8965699999,148821.19656999997
2024-04-01,510500,etf,99636.0,0.13880845416443194,0.2,0.06119154583556807,717794.8965699999,148821.19656999997
2024-04-01,515180,etf,223527.5,0.31140859466698845,0.2,-0.11140859466698844,717794.8965699999,148821.19656999997
2024-04-01,518880,etf,168568.5,0.23484215450055249,0.1,-0.13484215450055248,717794.8965699999,148821.19656999997
2024-04-01,000333,stock,0.0,0.0,0.04,0.04,717794.8965699999,148821.19656999997
2024-04-01,000858,stock,0.0,0.0,0.04,0.04,717794.8965699999,148821.19656999997
2024-04-01,600036,stock,0.0,0.0,0.04,0.04,717794.8965699999,148821.19656999997
2024-04-01,600519,stock,0.0,0.0,0.04,0.04,717794.8965699999,148821.19656999997
2024-04-01,601318,stock,0.0,0.0,0.04,0.04,717794.8965699999,148821.19656999997
2024-05-06,510300,etf,78707.3,0.10599409302591507,0.3,0.19400590697408493,742563.07831,150950.77830999997
2024-05-06,510500,etf,102106.0,0.1375048167387788,0.2,0.06249518326122122,742563.07831,150950.77830999997
2024-05-06,515180,etf,236366.2,0.3183112746972904,0.2,-0.11831127469729041,742563.07831,150950.77830999997
2024-05-06,518880,etf,174432.8,0.23490637374132817,0.1,-0.13490637374132816,742563.07831,150950.77830999997
2024-05-06,000333,stock,0.0,0.0,0.04,0.04,742563.07831,150950.77830999997
2024-05-06,000858,stock,0.0,0.0,0.04,0.04,742563.07831,150950.77830999997
2024-05-06,600036,stock,0.0,0.0,0.04,0.04,742563.07831,150950.77830999997
2024-05-06,600519,stock,0.0,0.0,0.04,0.04,742563.07831,150950.77830999997
2024-05-06,601318,stock,0.0,0.0,0.04,0.04,742563.07831,150950.77830999997
2024-06-03,510300,etf,77310.4,0.10263642540837546,0.3,0.1973635745916245,753245.25082,153073.25081999996
2024-06-03,510500,etf,97679.0,0.12967755175842716,0.2,0.07032244824157285,753245.25082,153073.25081999996
2024-06-03,515180,etf,246707.4,0.32752599466299814,0.2,-0.12752599466299813,753245.25082,153073.25081999996
2024-06-03,518880,etf,178475.2,0.23694168639723628,0.1,-0.13694168639723628,753245.25082,153073.25081999996
2024-06-03,000333,stock,0.0,0.0,0.04,0.04,753245.25082,153073.25081999996
2024-06-03,000858,stock,0.0,0.0,0.04,0.04,753245.25082,153073.25081999996
2024-06-03,600036,stock,0.0,0.0,0.04,0.04,753245.25082,153073.25081999996
2024-06-03,600519,stock,0.0,0.0,0.04,0.04,753245.25082,153073.25081999996
2024-06-03,601318,stock,0.0,0.0,0.04,0.04,753245.25082,153073.25081999996
2024-07-01,510300,etf,75341.0,0.09977864571702258,0.3,0.2002213542829774,755081.40503,155104.60502999995
2024-07-01,510500,etf,93138.0,0.12334828983942407,0.2,0.07665171016057594,755081.40503,155104.60502999995
2024-07-01,515180,etf,250272.0,0.33145035532964356,0.2,-0.13145035532964355,755081.40503,155104.60502999995
2024-07-01,518880,etf,181225.80000000002,0.24000829419551095,0.1,-0.14000829419551095,755081.40503,155104.60502999995
2024-07-01,000333,stock,0.0,0.0,0.04,0.04,755081.40503,155104.60502999995
2024-07-01,000858,stock,0.0,0.0,0.04,0.04,755081.40503,155104.60502999995
2024-07-01,600036,stock,0.0,0.0,0.04,0.04,755081.40503,155104.60502999995
2024-07-01,600519,stock,0.0,0.0,0.04,0.04,755081.40503,155104.60502999995
2024-07-01,601318,stock,0.0,0.0,0.04,0.04,755081.40503,155104.60502999995
2024-08-01,510300,etf,74928.79999999999,0.09929415192604964,0.3,0.20070584807395037,754614.43143,157422.63142999995
2024-08-01,510500,etf,90763.0,0.12027731808415516,0.2,0.07972268191584485,754614.43143,157422.63142999995
2024-08-01,515180,etf,236412.0,0.31328846912190306,0.2,-0.11328846912190305,754614.43143,157422.63142999995
2024-08-01,518880,etf,195088.00000000003,0.2585267281866142,0.1,-0.1585267281866142,754614.43143,157422.63142999995
2024-08-01,000333,stock,0.0,0.0,0.04,0.04,754614.43143,157422.63142999995
2024-08-01,000858,stock,0.0,0.0,0.04,0.04,754614.43143,157422.63142999995
2024-08-01,600036,stock,0.0,0.0,0.04,0.04,754614.43143,157422.63142999995
2024-08-01,600519,stock,0.0,0.0,0.04,0.04,754614.43143,157422.63142999995
2024-08-01,601318,stock,0.0,0.0,0.04,0.04,754614.43143,157422.63142999995
2024-09-02,510300,etf,71470.9,0.0955407561535643,0.3,0.20445924384643568,748067.13781,159725.23780999996
2024-09-02,510500,etf,84816.00000000001,0.11338019772971535,0.2,0.08661980227028467,748067.13781,159725.23780999996
2024-09-02,515180,etf,228887.99999999997,0.3059725369972538,0.2,-0.10597253699725379,748067.13781,159725.23780999996
2024-09-02,518880,etf,203167.0,0.27158925948114826,0.1,-0.17158925948114825,748067.13781,159725.23780999996
2024-09-02,000333,stock,0.0,0.0,0.04,0.04,748067.13781,159725.23780999996
2024-09-02,000858,stock,0.0,0.0,0.04,0.04,748067.13781,159725.23780999996
2024-09-02,600036,stock,0.0,0.0,0.04,0.04,748067.13781,159725.23780999996
2024-09-02,600519,stock,0.0,0.0,0.04,0.04,748067.13781,159725.23780999996
2024-09-02,601318,stock,0.0,0.0,0.04,0.04,748067.13781,159725.23780999996
2024-10-08,510300,etf,96202.9,0.11129913661470384,0.3,0.18870086338529615,864363.39873,162223.89872999996
2024-10-08,510500,etf,115767.0,0.13393325095682582,0.2,0.0660667490431742,864363.39873,162223.89872999996
2024-10-08,515180,etf,276466.0,0.3198492675721908,0.2,-0.11984926757219078,864363.39873,162223.89872999996
2024-10-08,518880,etf,213703.6,0.24723814117302104,0.1,-0.14723814117302103,864363.39873,162223.89872999996
2024-10-08,000333,stock,0.0,0.0,0.04,0.04,864363.39873,162223.89872999996
2024-10-08,000858,stock,0.0,0.0,0.04,0.04,864363.39873,162223.89872999996
2024-10-08,600036,stock,0.0,0.0,0.04,0.04,864363.39873,162223.89872999996
2024-10-08,600519,stock,0.0,0.0,0.04,0.04,864363.39873,162223.89872999996
2024-10-08,601318,stock,0.0,0.0,0.04,0.04,864363.39873,162223.89872999996
2024-11-01,510300,etf,86287.2,0.10149614986819945,0.3,0.19850385013180055,850152.44531,164480.44530999995
2024-11-01,510500,etf,110067.0,0.12946736859630523,0.2,0.07053263140369478,850152.44531,164480.44530999995
2024-11-01,515180,etf,260589.99999999997,0.3065214967475372,0.2,-0.10652149674753719,850152.44531,164480.44530999995
2024-11-01,518880,etf,228727.80000000002,0.2690432771931822,0.1,-0.1690432771931822,850152.44531,164480.44530999995
2024-11-01,000333,stock,0.0,0.0,0.04,0.04,850152.44531,164480.44530999995
2024-11-01,000858,stock,0.0,0.0,0.04,0.04,850152.44531,164480.44530999995
2024-11-01,600036,stock,0.0,0.0,0.04,0.04,850152.44531,164480.44530999995
2024-11-01,600519,stock,0.0,0.0,0.04,0.04,850152.44531,164480.44530999995
2024-11-01,601318,stock,0.0,0.0,0.04,0.04,850152.44531,164480.44530999995
2024-12-02,510300,etf,87478.0,0.10174473189263653,0.3,0.19825526810736346,859779.1588099999,166865.55880999996
2024-12-02,510500,etf,111777.0,0.13000664048976007,0.2,0.06999335951023994,859779.1588099999,166865.55880999996
2024-12-02,515180,etf,269348.2,0.3132760281986813,0.2,-0.11327602819868127,859779.1588099999,166865.55880999996
2024-12-02,518880,etf,224310.4,0.26089304177884787,0.1,-0.16089304177884786,859779.1588099999,166865.55880999996
2024-12-02,000333,stock,0.0,0.0,0.04,0.04,859779.1588099999,166865.55880999996
2024-12-02,000858,stock,0.0,0.0,0.04,0.04,859779.1588099999,166865.55880999996
2024-12-02,600036,stock,0.0,0.0,0.04,0.04,859779.1588099999,166865.55880999996
2024-12-02,600519,stock,0.0,0.0,0.04,0.04,859779.1588099999,166865.55880999996
2024-12-02,601318,stock,0.0,0.0,0.04,0.04,859779.1588099999,166865.55880999996
2025-01-02,510300,etf,84684.2,0.09789105691481849,0.3,0.2021089430851815,865086.17507,169175.77506999995
2025-01-02,510500,etf,104196.0,0.12044580413225167,0.2,0.07955419586774834,865086.17507,169175.77506999995
2025-01-02,515180,etf,276318.0,0.319410953455176,0.2,-0.119410953455176,865086.17507,169175.77506999995
2025-01-02,518880,etf,230712.2,0.26669273726554643,0.1,-0.16669273726554643,865086.17507,169175.77506999995
2025-01-02,000333,stock,0.0,0.0,0.04,0.04,865086.17507,169175.77506999995
2025-01-02,000858,stock,0.0,0.0,0.04,0.04,865086.17507,169175.77506999995
2025-01-02,600036,stock,0.0,0.0,0.04,0.04,865086.17507,169175.77506999995
2025-01-02,600519,stock,0.0,0.0,0.04,0.04,865086.17507,169175.77506999995
2025-01-02,601318,stock,0.0,0.0,0.04,0.04,865086.17507,169175.77506999995
2025-02-05,510300,etf,84180.40000000001,0.09507142166222418,0.3,0.2049285783377758,885443.7908699999,171331.59086999993
2025-02-05,510500,etf,105374.0,0.11900698958706789,0.2,0.08099301041293212,885443.7908699999,171331.59086999993
2025-02-05,515180,etf,273436.8,0.30881327851577395,0.2,-0.10881327851577394,885443.7908699999,171331.59086999993
2025-02-05,518880,etf,251121.0,0.28361032353421217,0.1,-0.18361032353421217,885443.7908699999,171331.59086999993
2025-02-05,000333,stock,0.0,0.0,0.04,0.04,885443.7908699999,171331.59086999993
2025-02-05,000858,stock,0.0,0.0,0.04,0.04,885443.7908699999,171331.59086999993
2025-02-05,600036,stock,0.0,0.0,0.04,0.04,885443.7908699999,171331.59086999993
2025-02-05,600519,stock,0.0,0.0,0.04,0.04,885443.7908699999,171331.59086999993
2025-02-05,601318,stock,0.0,0.0,0.04,0.04,885443.7908699999,171331.59086999993
2025-03-03,510300,etf,86333.0,0.09552008510047501,0.3,0.204479914899525,903820.38405,173469.98404999994
2025-03-03,510500,etf,110485.00000000001,0.12224220868411827,0.2,0.07775779131588174,903820.38405,173469.98404999994
2025-03-03,515180,etf,279363.0,0.309091280668157,0.2,-0.10909128066815699,903820.38405,173469.98404999994
2025-03-03,518880,etf,254169.4,0.28121671571631557,0.1,-0.18121671571631556,903820.38405,173469.98404999994
2025-03-03,000333,stock,0.0,0.0,0.04,0.04,903820.38405,173469.98404999994
2025-03-03,000858,stock,0.0,0.0,0.04,0.04,903820.38405,173469.98404999994
2025-03-03,600036,stock,0.0,0.0,0.04,0.04,903820.38405,173469.98404999994
2025-03-03,600519,stock,0.0,0.0,0.04,0.04,903820.38405,173469.98404999994
2025-03-03,601318,stock,0.0,0.0,0.04,0.04,903820.38405,173469.98404999994
2025-04-01,510300,etf,86355.9,0.09127779535141094,0.3,0.20872220464858904,946077.8458499999,176046.34584999995
2025-04-01,510500,etf,110656.0,0.11696289104051638,0.2,0.08303710895948363,946077.8458499999,176046.34584999995
2025-04-01,515180,etf,292896.4,0.30959016880566353,0.2,-0.10959016880566352,946077.8458499999,176046.34584999995
2025-04-01,518880,etf,280123.2,0.2960889542322222,0.1,-0.1960889542322222,946077.8458499999,176046.34584999995
2025-04-01,000333,stock,0.0,0.0,0.04,0.04,946077.8458499999,176046.34584999995
2025-04-01,000858,stock,0.0,0.0,0.04,0.04,946077.8458499999,176046.34584999995
2025-04-01,600036,stock,0.0,0.0,0.04,0.04,946077.8458499999,176046.34584999995
2025-04-01,600519,stock,0.0,0.0,0.04,0.04,946077.8458499999,176046.34584999995
2025-04-01,601318,stock,0.0,0.0,0.04,0.04,946077.8458499999,176046.34584999995
2025-05-06,510300,etf,84546.8,0.08736361621064097,0.3,0.212636383789359,967757.55935,178431.45934999996
2025-05-06,510500,etf,107749.0,0.11133883580549889,0.2,0.08866116419450112,967757.55935,178431.45934999996
2025-05-06,515180,etf,292550.3,0.302297096182326,0.2,-0.10229709618232596,967757.55935,178431.45934999996
2025-05-06,518880,etf,304480.0,0.3146242538312031,0.1,-0.21462425383120312,967757.55935,178431.45934999996
2025-05-06,000333,stock,0.0,0.0,0.04,0.04,967757.55935,178431.45934999996
2025-05-06,000858,stock,0.0,0.0,0.04,0.04,967757.55935,178431.45934999996
2025-05-06,600036,stock,0.0,0.0,0.04,0.04,967757.55935,178431.45934999996
2025-05-06,600519,stock,0.0,0.0,0.04,0.04,967757.55935,178431.45934999996
2025-05-06,601318,stock,0.0,0.0,0.04,0.04,967757.55935,178431.45934999996
2025-06-03,510300,etf,85783.4,0.0874533177842366,0.3,0.2125466822157634,980905.0379499999,180943.73794999995
2025-06-03,510500,etf,107179.0,0.10926541902975044,0.2,0.09073458097024957,980905.0379499999,180943.73794999995
2025-06-03,515180,etf,300400.89999999997,0.30624870744655347,0.2,-0.10624870744655346,980905.0379499999,180943.73794999995
2025-06-03,518880,etf,306598.0,0.31256644439380316,0.1,-0.21256644439380315,980905.0379499999,180943.73794999995
2025-06-03,000333,stock,0.0,0.0,0.04,0.04,980905.0379499999,180943.73794999995
2025-06-03,000858,stock,0.0,0.0,0.04,0.04,980905.0379499999,180943.73794999995
2025-06-03,600036,stock,0.0,0.0,0.04,0.04,980905.0379499999,180943.73794999995
2025-06-03,600519,stock,0.0,0.0,0.04,0.04,980905.0379499999,180943.73794999995
2025-06-03,601318,stock,0.0,0.0,0.04,0.04,980905.0379499999,180943.73794999995
2025-07-01,510300,etf,88508.5,0.08842792254482704,0.3,0.21157207745517295,1000911.2218500001,183537.12184999994
2025-07-01,510500,etf,112480.0,0.11237759907627115,0.2,0.08762240092372886,1000911.2218500001,183537.12184999994
2025-07-01,515180,etf,305711.60000000003,0.3054332825192512,0.2,-0.10543328251925121,1000911.2218500001,183537.12184999994
2025-07-01,518880,etf,310674.0,0.31039116478859763,0.1,-0.21039116478859762,1000911.2218500001,183537.12184999994
2025-07-01,000333,stock,0.0,0.0,0.04,0.04,1000911.2218500001,183537.12184999994
2025-07-01,000858,stock,0.0,0.0,0.04,0.04,1000911.2218500001,183537.12184999994
2025-07-01,600036,stock,0.0,0.0,0.04,0.04,1000911.2218500001,183537.12184999994
2025-07-01,600519,stock,0.0,0.0,0.04,0.04,1000911.2218500001,183537.12184999994
2025-07-01,601318,stock,0.0,0.0,0.04,0.04,1000911.2218500001,183537.12184999994
2025-08-01,510300,etf,91829.0,0.08962492494825705,0.3,0.21037507505174294,1024592.2108499999,186057.41084999993
2025-08-01,510500,etf,125745.0,0.12272687481752585,0.2,0.07727312518247416,1024592.2108499999,186057.41084999993
2025-08-01,515180,etf,312176.80000000005,0.30468394810557725,0.2,-0.10468394810557724,1024592.2108499999,186057.41084999993
2025-08-01,518880,etf,308784.0,0.30137258192099015,0.1,-0.20137258192099014,1024592.2108499999,186057.41084999993
2025-08-01,000333,stock,0.0,0.0,0.04,0.04,1024592.2108499999,186057.41084999993
2025-08-01,000858,stock,0.0,0.0,0.04,0.04,1024592.2108499999,186057.41084999993
2025-08-01,600036,stock,0.0,0.0,0.04,0.04,1024592.2108499999,186057.41084999993
2025-08-01,600519,stock,0.0,0.0,0.04,0.04,1024592.2108499999,186057.41084999993
2025-08-01,601318,stock,0.0,0.0,0.04,0.04,1024592.2108499999,186057.41084999993
2025-09-01,510300,etf,102889.70000000001,0.0953444814607278,0.3,0.2046555185392722,1079136.39493,188188.79492999992
2025-09-01,510500,etf,152167.2,0.14100831064072358,0.2,0.05899168935927643,1079136.39493,188188.79492999992
2025-09-01,515180,etf,314716.7,0.2916375552512198,0.2,-0.0916375552512198,1079136.39493,188188.79492999992
2025-09-01,518880,etf,321174.0,0.2976213215576271,0.1,-0.1976213215576271,1079136.39493,188188.79492999992
2025-09-01,000333,stock,0.0,0.0,0.04,0.04,1079136.39493,188188.79492999992
2025-09-01,000858,stock,0.0,0.0,0.04,0.04,1079136.39493,188188.79492999992
2025-09-01,600036,stock,0.0,0.0,0.04,0.04,1079136.39493,188188.79492999992
2025-09-01,600519,stock,0.0,0.0,0.04,0.04,1079136.39493,188188.79492999992
2025-09-01,601318,stock,0.0,0.0,0.04,0.04,1079136.39493,188188.79492999992
2025-10-09,510300,etf,113570.59999999999,0.09895816164536249,0.3,0.20104183835463751,1147662.7911399999,190560.59113999992
2025-10-09,510500,etf,163120.5,0.14213277737964186,0.2,0.05786722262035815,1147662.7911399999,190560.59113999992
2025-10-09,515180,etf,313793.1,0.27341925034295317,0.2,-0.07341925034295316,1147662.7911399999,190560.59113999992
2025-10-09,518880,etf,366617.99999999994,0.31944749174609893,0.1,-0.21944749174609893,1147662.7911399999,190560.59113999992
2025-10-09,000333,stock,0.0,0.0,0.04,0.04,1147662.7911399999,190560.59113999992
2025-10-09,000858,stock,0.0,0.0,0.04,0.04,1147662.7911399999,190560.59113999992
2025-10-09,600036,stock,0.0,0.0,0.04,0.04,1147662.7911399999,190560.59113999992
2025-10-09,600519,stock,0.0,0.0,0.04,0.04,1147662.7911399999,190560.59113999992
2025-10-09,601318,stock,0.0,0.0,0.04,0.04,1147662.7911399999,190560.59113999992
2025-11-03,510300,etf,118319.99999999999,0.1014729067259455,0.3,0.1985270932740545,1166025.53152,193043.43151999993
2025-11-03,510500,etf,160080.9,0.13728764565842977,0.2,0.06271235434157024,1166025.53152,193043.43151999993
2025-11-03,515180,etf,325107.19999999995,0.2788165363550821,0.2,-0.07881653635508207,1166025.53152,193043.43151999993
2025-11-03,518880,etf,369474.0,0.3168661320120182,0.1,-0.21686613201201818,1166025.53152,193043.43151999993
2025-11-03,000333,stock,0.0,0.0,0.04,0.04,1166025.53152,193043.43151999993
2025-11-03,000858,stock,0.0,0.0,0.04,0.04,1166025.53152,193043.43151999993
2025-11-03,600036,stock,0.0,0.0,0.04,0.04,1166025.53152,193043.43151999993
2025-11-03,600519,stock,0.0,0.0,0.04,0.04,1166025.53152,193043.43151999993
2025-11-03,601318,stock,0.0,0.0,0.04,0.04,1166025.53152,193043.43151999993
2025-12-01,510300,etf,116382.0,0.09866188859292872,0.3,0.20133811140707125,1179604.42132,195179.22131999992
2025-12-01,510500,etf,162792.0,0.13800558649808436,0.2,0.061994413501915646,1179604.42132,195179.22131999992
2025-12-01,515180,etf,320489.19999999995,0.2716920979673562,0.2,-0.0716920979673562,1179604.42132,195179.22131999992
2025-12-01,518880,etf,384762.0,0.32617883846980156,0.1,-0.22617883846980155,1179604.42132,195179.22131999992
2025-12-01,000333,stock,0.0,0.0,0.04,0.04,1179604.42132,195179.22131999992
2025-12-01,000858,stock,0.0,0.0,0.04,0.04,1179604.42132,195179.22131999992
2025-12-01,600036,stock,0.0,0.0,0.04,0.04,1179604.42132,195179.22131999992
2025-12-01,600519,stock,0.0,0.0,0.04,0.04,1179604.42132,195179.22131999992
2025-12-01,601318,stock,0.0,0.0,0.04,0.04,1179604.42132,195179.22131999992
